"Last Modified","Container Type","Container Description","Track Description","Ignore For Recommendations",Country,"Container Reference","Track Reference","Feature Name","First Event Timestamp","Last End Reason Tyoe","Last Event End Timestamp","Last Event Received Timestamp","Last Event Start Timestamp","Max Event End Position in millis","Max Play Duration in millis","Media duration in millis","Media type","Min Event Start Position in millis","Total plays","Total skips","Total play duration in millis"
2024-09-09T13:27:48.768Z,N/A,N/A,"MAX - Blueberry Eyes (feat. SUGA of BTS)",false,France,N/A,1524457759,"library / songs",2024-09-09T13:27:48.768Z,PLAYBACK_MANUALLY_PAUSED,2024-09-09T13:27:52.752Z,2024-09-09T13:27:52.827Z,2024-09-09T13:27:48.768Z,3984,3984,172244,AUDIO,0,1,0,3984
2024-09-09T13:24:13.808Z,N/A,N/A,"ZEROBASEONE - Take My Hand",false,France,N/A,1713539300,"library / songs",2024-09-09T13:24:13.808Z,NATURAL_END_OF_TRACK,2024-09-09T13:27:48.906Z,2024-09-09T13:27:49.007Z,2024-09-09T13:24:13.808Z,215098,215098,215098,AUDIO,0,1,0,215098
2024-09-09T13:20:35.907Z,N/A,N/A,"BTS - Blood Sweat & Tears",false,France,N/A,1627574672,"library / songs",2024-09-09T13:20:35.907Z,NATURAL_END_OF_TRACK,2024-09-09T13:24:13.006Z,2024-09-09T13:24:13.077Z,2024-09-09T13:20:35.907Z,217099,217099,217099,AUDIO,0,1,0,217099
2024-09-09T13:16:39.698Z,N/A,N/A,"SUPER JUNIOR-D&E - Change",false,France,N/A,1529573312,"library / songs",2024-09-09T13:16:39.698Z,NATURAL_END_OF_TRACK,2024-09-09T13:20:35.591Z,2024-09-09T13:20:35.752Z,2024-09-09T13:16:39.698Z,235893,235893,235893,AUDIO,0,1,0,235893
2024-09-09T13:13:13.006Z,N/A,N/A,"TWICE - LOVE WARNING",false,France,N/A,1754339149,"library / songs",2024-09-09T13:13:13.006Z,NATURAL_END_OF_TRACK,2024-09-09T13:16:39.256Z,2024-09-09T13:16:39.371Z,2024-09-09T13:13:13.006Z,206250,206250,206250,AUDIO,0,1,0,206250
2024-09-09T13:09:55.256Z,N/A,N/A,"BTS - Singularity",false,France,N/A,1627577161,"library / songs",2024-09-09T13:09:55.256Z,NATURAL_END_OF_TRACK,2024-09-09T13:13:12.306Z,2024-09-09T13:09:56.866Z,2024-09-09T13:09:55.523Z,197050,197050,197050,AUDIO,0,2,0,197050
2024-09-09T13:04:14.221Z,N/A,N/A,"BTS - Boy With Luv (feat. Halsey)",false,France,N/A,1599362618,"library / songs",2024-09-09T13:04:14.221Z,SCRUB_BEGIN,2024-09-09T13:07:35.233Z,2024-09-09T13:09:56.583Z,2024-09-09T13:07:31.490Z,58496,58496,229821,AUDIO,0,1,0,62239
2024-09-09T13:01:03.230Z,N/A,N/A,"Red Velvet - La Rouge (Special Track)",false,France,N/A,1491888607,"library / songs",2024-09-09T13:01:03.230Z,NATURAL_END_OF_TRACK,2024-09-09T13:04:13.043Z,2024-09-09T13:01:03.538Z,2024-09-09T13:01:03.485Z,189813,189813,189813,AUDIO,0,2,0,189813
2024-09-09T12:57:40.806Z,N/A,N/A,"Popcaan - Level Up",false,France,N/A,1457254817,"library / songs",2024-09-09T12:57:40.806Z,NATURAL_END_OF_TRACK,2024-09-09T13:01:03.472Z,2024-09-09T13:01:03.538Z,2024-09-09T12:57:40.806Z,202666,202666,202666,AUDIO,0,1,0,202666
2024-09-09T12:54:06.423Z,N/A,N/A,"TWICE - Catch a Wave",false,France,N/A,1686024825,"library / songs",2024-09-09T12:54:06.423Z,NATURAL_END_OF_TRACK,2024-09-09T12:57:40.268Z,2024-09-09T12:57:40.373Z,2024-09-09T12:54:06.423Z,213845,213845,213845,AUDIO,0,1,0,213845
2024-09-09T12:51:54.049Z,N/A,N/A,"NCT U - New Axis",false,France,N/A,1597697600,"library / songs",2024-09-09T12:51:54.049Z,NATURAL_END_OF_TRACK,2024-09-09T12:54:05.995Z,2024-09-09T12:54:06.359Z,2024-09-09T12:51:54.049Z,131946,131946,131946,AUDIO,0,1,0,131946
2024-09-09T12:49:19.190Z,N/A,N/A,"DKB - Traveler",false,France,N/A,1756875593,"library / songs",2024-09-09T12:49:19.190Z,NATURAL_END_OF_TRACK,2024-09-09T12:51:53.870Z,2024-09-09T12:49:19.607Z,2024-09-09T12:49:19.336Z,154680,154680,154680,AUDIO,0,2,0,154680
2024-09-09T12:45:17.747Z,N/A,N/A,"TOMORROW X TOGETHER - Our Summer",false,France,N/A,1553524114,"library / songs",2024-09-09T12:45:17.747Z,NATURAL_END_OF_TRACK,2024-09-09T12:49:19.414Z,2024-09-09T12:49:19.482Z,2024-09-09T12:48:05.927Z,210280,136793,210280,AUDIO,0,1,0,210280
2024-09-09T12:42:40.785Z,N/A,N/A,"ZEROBASEONE - Eternity",false,France,N/A,1762581540,"library / songs",2024-09-09T12:42:40.785Z,NATURAL_END_OF_TRACK,2024-09-09T12:45:17.517Z,2024-09-09T12:45:17.619Z,2024-09-09T12:42:40.785Z,156732,156732,156732,AUDIO,0,1,0,156732
2024-09-09T12:39:11.167Z,N/A,N/A,"TOMORROW X TOGETHER - Blue Hour",false,France,N/A,1533455293,"library / songs",2024-09-09T12:39:11.167Z,NATURAL_END_OF_TRACK,2024-09-09T12:42:40.272Z,2024-09-09T12:42:40.434Z,2024-09-09T12:39:11.167Z,209105,209105,209105,AUDIO,0,1,0,209105
2024-09-09T12:35:45.243Z,N/A,N/A,"SEVENTEEN - God of Music",false,France,N/A,1711288969,"library / songs",2024-09-09T12:35:45.243Z,NATURAL_END_OF_TRACK,2024-09-09T12:39:10.460Z,2024-09-09T12:35:45.985Z,2024-09-09T12:35:45.920Z,205217,205217,205217,AUDIO,0,2,0,205217
2024-09-09T12:32:24.661Z,N/A,N/A,"BTS - Jamais Vu",false,France,N/A,1599362633,"library / songs",2024-09-09T12:32:24.661Z,NATURAL_END_OF_TRACK,2024-09-09T12:35:45.907Z,2024-09-09T12:35:45.985Z,2024-09-09T12:32:33.429Z,227354,192478,227354,AUDIO,34876,1,0,192480
2024-09-09T12:25:24.183Z,N/A,N/A,"RM - No.2 (with ë°•ì§€ìœ¤)",false,France,N/A,1654548659,"library / songs",2024-09-09T12:25:24.183Z,NATURAL_END_OF_TRACK,2024-09-09T12:28:38.146Z,2024-09-09T12:32:33.268Z,2024-09-09T12:25:24.377Z,193963,193963,193963,AUDIO,0,2,0,193963
2024-09-09T12:15:05.439Z,N/A,N/A,"RM - Groin",false,France,N/A,1742630127,"library / songs",2024-09-09T12:15:05.439Z,PLAYBACK_MANUALLY_PAUSED,2024-09-09T12:15:07.698Z,2024-09-09T12:32:33.268Z,2024-09-09T12:22:15.250Z,2259,2259,190880,AUDIO,0,3,0,2259
2024-09-09T05:58:27.122Z,N/A,N/A,"SUPER JUNIOR-D&E - To you, Tomorrow",false,France,N/A,1529573311,"library / songs",2024-09-09T05:58:27.122Z,NATURAL_END_OF_TRACK,2024-09-09T12:15:05.760Z,2024-09-09T12:32:33.268Z,2024-09-09T12:11:03.736Z,244360,242024,244360,AUDIO,0,1,0,244360
2024-09-09T05:54:25.218Z,N/A,N/A,"NCT DREAM - Teddy Bear",false,France,N/A,1626816791,"library / songs",2024-09-09T05:54:25.218Z,NATURAL_END_OF_TRACK,2024-09-09T05:58:27.258Z,2024-09-09T05:58:27.343Z,2024-09-09T05:54:25.218Z,242040,242040,242040,AUDIO,0,1,0,242040
2024-09-09T05:52:18.269Z,N/A,N/A,"RM - out of love",false,France,N/A,1742629775,"library / songs",2024-09-09T05:52:18.269Z,NATURAL_END_OF_TRACK,2024-09-09T05:54:25.469Z,2024-09-09T05:54:25.549Z,2024-09-09T05:52:18.269Z,127200,127200,127200,AUDIO,0,1,0,127200
2024-09-09T05:49:16.273Z,N/A,N/A,"TWICE - DIVE",false,France,N/A,1754339024,"library / songs",2024-09-09T05:49:16.273Z,NATURAL_END_OF_TRACK,2024-09-09T05:52:18.177Z,2024-09-09T05:52:18.338Z,2024-09-09T05:49:16.273Z,181904,181904,181904,AUDIO,0,1,0,181904
2024-09-09T05:46:05.730Z,N/A,N/A,"STAYC - 247",false,France,N/A,1609910844,"library / songs",2024-09-09T05:46:05.730Z,NATURAL_END_OF_TRACK,2024-09-09T05:49:16.391Z,2024-09-09T05:49:16.452Z,2024-09-09T05:46:05.730Z,190661,190661,190661,AUDIO,0,1,0,190661
2024-09-09T05:42:29.520Z,N/A,N/A,"Red Velvet - Jumpinâ€™",false,France,N/A,1476513530,"library / songs",2024-09-09T05:42:29.520Z,NATURAL_END_OF_TRACK,2024-09-09T05:46:05.340Z,2024-09-09T05:46:05.645Z,2024-09-09T05:42:29.520Z,215820,215820,215820,AUDIO,0,1,0,215820
2024-09-08T15:01:24.450Z,N/A,N/A,"NCT 127 - Be There For Me",false,France,N/A,1719013258,"library / songs",2024-09-08T15:01:24.450Z,NATURAL_END_OF_TRACK,2024-09-09T05:42:29.519Z,2024-09-09T05:42:29.613Z,2024-09-09T05:40:34.666Z,217933,114853,217933,AUDIO,0,1,0,217935
2024-09-08T14:58:10.798Z,N/A,N/A,"Red Velvet - Parade",false,France,N/A,1468949021,"library / songs",2024-09-08T14:58:10.798Z,NATURAL_END_OF_TRACK,2024-09-08T15:01:24.179Z,2024-09-08T15:01:24.298Z,2024-09-08T14:58:10.798Z,193381,193381,193381,AUDIO,0,1,0,193381
2024-09-08T14:54:56.021Z,N/A,N/A,"RM - Nuts",false,France,N/A,1742629771,"library / songs",2024-09-08T14:54:56.021Z,NATURAL_END_OF_TRACK,2024-09-08T14:58:10.687Z,2024-09-08T14:58:10.765Z,2024-09-08T14:54:56.021Z,194666,194666,194666,AUDIO,0,1,0,194666
2024-09-08T14:51:02.444Z,N/A,N/A,"RM - Yun (with Erykah Badu)",false,France,N/A,1654548360,"library / songs",2024-09-08T14:51:02.444Z,NATURAL_END_OF_TRACK,2024-09-08T14:54:56.132Z,2024-09-08T14:54:56.187Z,2024-09-08T14:51:02.444Z,233688,233688,233688,AUDIO,0,1,0,233688
2024-09-08T14:47:40.266Z,N/A,N/A,"Jung Kook & Jack Harlow - 3D",false,France,N/A,1709554773,"library / songs",2024-09-08T14:47:40.266Z,NATURAL_END_OF_TRACK,2024-09-08T14:51:02.142Z,2024-09-08T14:51:02.234Z,2024-09-08T14:47:40.266Z,201876,201876,201876,AUDIO,0,1,0,201876
2024-09-08T14:44:31.820Z,N/A,N/A,"THE BOYZ - Forever you",false,France,N/A,1754071703,"library / songs",2024-09-08T14:44:31.820Z,NATURAL_END_OF_TRACK,2024-09-08T14:47:39.900Z,2024-09-08T14:47:40.039Z,2024-09-08T14:44:31.820Z,188080,188080,188080,AUDIO,0,1,0,188080
2024-09-08T14:40:31.926Z,N/A,N/A,"EVERGLOW - Back Together",false,France,N/A,1597707847,"library / songs",2024-09-08T14:40:31.926Z,NATURAL_END_OF_TRACK,2024-09-08T14:44:31.846Z,2024-09-08T14:44:31.915Z,2024-09-08T14:40:31.926Z,239920,239920,239920,AUDIO,0,1,0,239920
2024-09-08T14:37:04.317Z,N/A,N/A,"EXO - Just as usual",false,France,N/A,1570253452,"library / songs",2024-09-08T14:37:04.317Z,NATURAL_END_OF_TRACK,2024-09-08T14:40:31.650Z,2024-09-08T14:40:31.721Z,2024-09-08T14:37:04.317Z,207333,207333,207333,AUDIO,0,1,0,207333
2024-09-08T14:33:31.211Z,N/A,N/A,"Juju B. Goode - Blueprint",false,France,N/A,1716506222,"library / songs",2024-09-08T14:33:31.211Z,NATURAL_END_OF_TRACK,2024-09-08T14:37:03.980Z,2024-09-08T14:37:04.062Z,2024-09-08T14:33:31.211Z,212769,212769,212769,AUDIO,0,1,0,212769
2024-09-08T14:30:12.336Z,N/A,N/A,"EVERGLOW - ZOMBIE",false,France,N/A,1747695773,"library / songs",2024-09-08T14:30:12.336Z,NATURAL_END_OF_TRACK,2024-09-08T14:33:31.189Z,2024-09-08T14:33:31.252Z,2024-09-08T14:30:12.336Z,198853,198853,198853,AUDIO,0,1,0,198853
2024-09-07T17:24:27.930Z,N/A,N/A,"NCT DREAM - Tangerine Love (Favorite)",false,France,N/A,1658222137,"library / songs",2024-09-07T17:24:27.930Z,NATURAL_END_OF_TRACK,2024-09-08T14:30:12.396Z,2024-09-08T14:30:12.482Z,2024-09-08T14:28:44.155Z,178680,90439,178680,AUDIO,0,1,0,178680
2024-09-07T17:22:01.210Z,N/A,N/A,"iKON - All the World",false,France,N/A,1497659127,"library / songs",2024-09-07T17:22:01.210Z,NATURAL_END_OF_TRACK,2024-09-07T17:25:21.975Z,2024-09-07T17:25:22.045Z,2024-09-07T17:22:01.210Z,200765,200765,200765,AUDIO,0,1,0,200765
2024-09-07T17:17:37.506Z,N/A,N/A,"TOMORROW X TOGETHER - We Lost The Summer",false,France,N/A,1533455296,"library / songs",2024-09-07T17:17:37.506Z,NATURAL_END_OF_TRACK,2024-09-07T17:21:08.055Z,2024-09-07T17:22:12.268Z,2024-09-07T17:17:37.506Z,210549,210549,210549,AUDIO,0,1,0,210549
2024-09-07T17:16:17.374Z,N/A,N/A,"STAYC - Iâ€™LL BE THERE",false,France,N/A,1583902629,"library / songs",2024-09-07T17:16:17.374Z,NATURAL_END_OF_TRACK,2024-09-07T17:19:26.898Z,2024-09-07T17:22:10.208Z,2024-09-07T17:16:17.374Z,189524,189524,189524,AUDIO,0,1,0,189524
2024-09-07T17:12:10.557Z,N/A,N/A,"SUPER JUNIOR - My Wish",false,France,N/A,1633002149,"library / songs",2024-09-07T17:12:10.557Z,NATURAL_END_OF_TRACK,2024-09-07T17:16:16.930Z,2024-09-07T17:22:10.208Z,2024-09-07T17:12:10.557Z,246373,246373,246373,AUDIO,0,1,0,246373
2024-09-07T17:10:16.784Z,N/A,N/A,"RM - Change pt.2",false,France,N/A,1654548654,"library / songs",2024-09-07T17:10:16.784Z,NATURAL_END_OF_TRACK,2024-09-07T17:12:10.810Z,2024-09-07T17:22:10.208Z,2024-09-07T17:10:16.784Z,114026,114026,114026,AUDIO,0,1,0,114026
2024-09-07T17:07:02.283Z,N/A,N/A,"STAYC - ASAP",false,France,N/A,1561143399,"library / songs",2024-09-07T17:07:02.283Z,NATURAL_END_OF_TRACK,2024-09-07T17:10:16.430Z,2024-09-07T17:22:10.208Z,2024-09-07T17:07:02.283Z,194147,194147,194147,AUDIO,0,1,0,194147
2024-09-07T17:04:02.801Z,N/A,N/A,"ZEROBASEONE - Sunday RIDE",false,France,N/A,1744312135,"library / songs",2024-09-07T17:04:02.801Z,NATURAL_END_OF_TRACK,2024-09-07T17:07:02.629Z,2024-09-07T17:22:10.208Z,2024-09-07T17:04:02.801Z,179828,179828,179828,AUDIO,0,1,0,179828
2024-09-07T17:00:40.563Z,N/A,N/A,"SEVENTEEN - All My Love",false,France,N/A,1535649389,"library / songs",2024-09-07T17:00:40.563Z,NATURAL_END_OF_TRACK,2024-09-07T17:04:02.509Z,2024-09-07T17:22:10.208Z,2024-09-07T17:00:40.563Z,201946,201946,201946,AUDIO,0,1,0,201946
2024-09-07T16:57:22.638Z,N/A,N/A,"SEVENTEEN - Do Re Mi",false,France,N/A,1535649374,"library / songs",2024-09-07T16:57:22.638Z,NATURAL_END_OF_TRACK,2024-09-07T17:00:40.198Z,2024-09-07T17:22:10.208Z,2024-09-07T16:57:22.638Z,197560,197560,197560,AUDIO,0,1,0,197560
2024-09-07T16:54:02.175Z,N/A,N/A,"SEVENTEEN - Lie Again",false,France,N/A,1551739589,"library / songs",2024-09-07T16:54:02.175Z,NATURAL_END_OF_TRACK,2024-09-07T16:57:22.588Z,2024-09-07T17:22:10.208Z,2024-09-07T16:54:02.175Z,200413,200413,200413,AUDIO,0,1,0,200413
2024-09-07T16:50:57.009Z,N/A,N/A,"JAIE & Juju B. Goode - Moon Sailing",false,France,N/A,1678000913,"library / songs",2024-09-07T16:50:57.009Z,NATURAL_END_OF_TRACK,2024-09-07T16:54:02.194Z,2024-09-07T17:22:10.208Z,2024-09-07T16:50:57.009Z,185185,185185,185185,AUDIO,0,1,0,185185
2024-09-07T16:45:58.968Z,N/A,N/A,"Red Velvet - Remember Forever",false,France,N/A,1491888511,"library / songs",2024-09-07T16:45:58.968Z,NATURAL_END_OF_TRACK,2024-09-07T16:49:06.688Z,2024-09-07T16:49:06.749Z,2024-09-07T16:45:58.968Z,187720,187720,187720,AUDIO,0,1,0,187720
2024-09-07T16:43:17.358Z,N/A,N/A,"j-hope & Jung Kook - i wonder...",false,France,N/A,1730608081,"library / songs",2024-09-07T16:43:17.358Z,NATURAL_END_OF_TRACK,2024-09-07T16:46:01.006Z,2024-09-07T16:46:27.563Z,2024-09-07T16:43:17.358Z,163648,163648,163648,AUDIO,0,1,0,163648
2024-09-07T16:41:53.507Z,N/A,N/A,"DKB - TAEKWONDO",false,France,N/A,1756875376,"library / songs",2024-09-07T16:41:53.507Z,NATURAL_END_OF_TRACK,2024-09-07T16:44:08.587Z,2024-09-07T16:46:24.580Z,2024-09-07T16:41:53.507Z,135080,135080,135080,AUDIO,0,1,0,135080
2024-09-07T16:38:24.714Z,N/A,N/A,"BTS - Life Goes On",false,France,N/A,1596532189,"library / songs",2024-09-07T16:38:24.714Z,NATURAL_END_OF_TRACK,2024-09-07T16:41:52.861Z,2024-09-07T16:46:24.580Z,2024-09-07T16:38:24.714Z,208147,208147,208147,AUDIO,0,1,0,208147
2024-09-07T16:34:55.310Z,N/A,N/A,"TOMORROW X TOGETHER - Drama",false,France,N/A,1553522122,"library / songs",2024-09-07T16:34:55.310Z,NATURAL_END_OF_TRACK,2024-09-07T16:38:24.873Z,2024-09-07T16:46:24.580Z,2024-09-07T16:34:55.310Z,209563,209563,209563,AUDIO,0,1,0,209563
2024-09-07T16:31:14.412Z,N/A,N/A,"TWICE - Talk that Talk",false,France,N/A,1635656417,"library / songs",2024-09-07T16:31:14.412Z,NATURAL_END_OF_TRACK,2024-09-07T16:34:11.934Z,2024-09-07T16:36:24.762Z,2024-09-07T16:31:14.412Z,177522,177522,177522,AUDIO,0,1,0,177522
2024-09-07T16:26:42.433Z,N/A,N/A,"BTS - Spring Day",false,France,N/A,1627574950,"library / songs",2024-09-07T16:26:42.433Z,NATURAL_END_OF_TRACK,2024-09-07T16:31:17.184Z,2024-09-07T16:31:17.243Z,2024-09-07T16:26:42.433Z,274751,274751,274751,AUDIO,0,1,0,274751
2024-09-07T16:22:37.508Z,N/A,N/A,"SEVENTEEN - Network Love",false,France,N/A,1551739808,"library / songs",2024-09-07T16:22:37.508Z,NATURAL_END_OF_TRACK,2024-09-07T16:26:28.881Z,2024-09-07T16:26:29.052Z,2024-09-07T16:24:12.412Z,209973,136469,209973,AUDIO,0,1,0,209973
2024-09-07T16:18:23.199Z,N/A,N/A,"BTS - Heartbeat",false,France,N/A,1694730685,"library / songs",2024-09-07T16:18:23.199Z,NATURAL_END_OF_TRACK,2024-09-07T16:22:36.502Z,2024-09-07T16:22:36.612Z,2024-09-07T16:18:23.199Z,253303,253303,253303,AUDIO,0,1,0,253303
2024-09-07T16:14:57.420Z,N/A,N/A,"YUGYEOM - Ponytail (feat. Sik-K)",false,France,N/A,1731286022,"library / songs",2024-09-07T16:14:57.420Z,NATURAL_END_OF_TRACK,2024-09-07T16:18:22.874Z,2024-09-07T16:18:22.982Z,2024-09-07T16:14:57.420Z,205454,205454,205454,AUDIO,0,1,0,205454
2024-09-07T16:11:38.182Z,N/A,N/A,"Juju B. Goode - Superwoman",false,France,N/A,1599925099,"library / songs",2024-09-07T16:11:38.182Z,NATURAL_END_OF_TRACK,2024-09-07T16:14:57.788Z,2024-09-07T16:14:57.852Z,2024-09-07T16:11:38.182Z,199606,199606,199606,AUDIO,0,1,0,199606
2024-09-07T16:08:05.788Z,N/A,N/A,"THE BOYZ - Square one",false,France,N/A,1754071706,"library / songs",2024-09-07T16:08:05.788Z,NATURAL_END_OF_TRACK,2024-09-07T16:11:38.148Z,2024-09-07T16:11:38.244Z,2024-09-07T16:08:05.788Z,212360,212360,212360,AUDIO,0,1,0,212360
2024-09-07T16:04:56.813Z,N/A,N/A,"ASTRO - MY ZONE",false,France,N/A,1578841985,"library / songs",2024-09-07T16:04:56.813Z,NATURAL_END_OF_TRACK,2024-09-07T16:08:06.119Z,2024-09-07T16:08:06.222Z,2024-09-07T16:04:56.813Z,189306,189306,189306,AUDIO,0,1,0,189306
2024-09-07T16:02:09.224Z,N/A,N/A,"Jung Kook - Shot Glass of Tears",false,France,N/A,1709555097,"library / songs",2024-09-07T16:02:09.224Z,NATURAL_END_OF_TRACK,2024-09-07T16:04:56.518Z,2024-09-07T16:04:56.611Z,2024-09-07T16:02:09.224Z,167294,167294,167294,AUDIO,0,1,0,167294
2024-09-07T15:57:56.947Z,N/A,N/A,"Kirk Franklin - Love Theory",false,France,N/A,1447412295,"library / songs",2024-09-07T15:57:56.947Z,NATURAL_END_OF_TRACK,2024-09-07T16:02:08.205Z,2024-09-07T16:02:08.382Z,2024-09-07T15:57:56.947Z,251258,251258,251258,AUDIO,0,1,0,251258
2024-09-07T15:55:09.505Z,N/A,N/A,"OH MY GIRL - Celebrate",false,France,N/A,1697800361,"library / songs",2024-09-07T15:55:09.505Z,NATURAL_END_OF_TRACK,2024-09-07T15:57:56.305Z,2024-09-07T15:57:56.373Z,2024-09-07T15:55:09.505Z,166800,166800,166800,AUDIO,0,1,0,166800
2024-09-07T15:52:02.528Z,N/A,N/A,"SEVENTEEN - Ready to love",false,France,N/A,1571363622,"library / songs",2024-09-07T15:52:02.528Z,NATURAL_END_OF_TRACK,2024-09-07T15:55:09.288Z,2024-09-07T15:55:09.376Z,2024-09-07T15:52:02.528Z,186760,186760,186760,AUDIO,0,1,0,186760
2024-09-07T15:48:15.639Z,N/A,N/A,"KEY - Eighteen (End Of My World)",false,France,N/A,1586598007,"library / songs",2024-09-07T15:48:15.639Z,NATURAL_END_OF_TRACK,2024-09-07T15:52:02.585Z,2024-09-07T15:52:02.645Z,2024-09-07T15:48:15.639Z,226946,226946,226946,AUDIO,0,1,0,226946
2024-09-07T15:45:37.743Z,N/A,N/A,"TAEYEON - Set Myself On Fire",false,France,N/A,1609050009,"library / songs",2024-09-07T15:45:37.743Z,NATURAL_END_OF_TRACK,2024-09-07T15:48:15.729Z,2024-09-07T15:48:15.792Z,2024-09-07T15:45:37.743Z,157986,157986,157986,AUDIO,0,1,0,157986
2024-09-07T15:42:12.534Z,N/A,N/A,"BTS - Run BTS",false,France,N/A,1627575780,"library / songs",2024-09-07T15:42:12.534Z,NATURAL_END_OF_TRACK,2024-09-07T15:45:37.550Z,2024-09-07T15:45:37.645Z,2024-09-07T15:42:12.534Z,205016,205016,205016,AUDIO,0,1,0,205016
2024-09-07T15:39:18.043Z,N/A,N/A,"CRAVITY - Cherry Blossom",false,France,N/A,1730850401,"library / songs",2024-09-07T15:39:18.043Z,NATURAL_END_OF_TRACK,2024-09-07T15:42:12.610Z,2024-09-07T15:42:12.668Z,2024-09-07T15:39:18.043Z,174567,174567,174567,AUDIO,0,1,0,174567
2024-09-07T15:36:28.370Z,N/A,N/A,"ASTRO - Candy Sugar Pop",false,France,N/A,1623303127,"library / songs",2024-09-07T15:36:28.370Z,NATURAL_END_OF_TRACK,2024-09-07T15:39:17.623Z,2024-09-07T15:39:17.747Z,2024-09-07T15:36:28.370Z,169253,169253,169253,AUDIO,0,1,0,169253
2024-09-07T15:33:42.057Z,N/A,N/A,"iKON - GOLD",false,France,N/A,1621034213,"library / songs",2024-09-07T15:33:42.057Z,NATURAL_END_OF_TRACK,2024-09-07T15:36:28.173Z,2024-09-07T15:36:28.267Z,2024-09-07T15:33:42.057Z,166116,166116,166116,AUDIO,0,1,0,166116
2024-09-07T15:30:15.292Z,N/A,N/A,"SUPER JUNIOR-D&E - ZERO",false,France,N/A,1592218512,"library / songs",2024-09-07T15:30:15.292Z,NATURAL_END_OF_TRACK,2024-09-07T15:33:42.212Z,2024-09-07T15:33:42.368Z,2024-09-07T15:30:15.292Z,206920,206920,206920,AUDIO,0,1,0,206920
2024-09-07T15:25:09.170Z,N/A,N/A,"iKON - Like a Movie",false,France,N/A,1685831107,"library / songs",2024-09-07T15:25:09.170Z,NATURAL_END_OF_TRACK,2024-09-07T15:28:35.410Z,2024-09-07T15:28:35.486Z,2024-09-07T15:25:09.170Z,206240,206240,206240,AUDIO,0,1,0,206240
2024-09-07T15:21:48.502Z,N/A,N/A,"SUPER JUNIOR-D&E - B.A.D",false,France,N/A,1529573308,"library / songs",2024-09-07T15:21:48.502Z,NATURAL_END_OF_TRACK,2024-09-07T15:25:09.288Z,2024-09-07T15:25:09.340Z,2024-09-07T15:21:48.502Z,200786,200786,200786,AUDIO,0,1,0,200786
2024-09-06T16:39:53.656Z,N/A,N/A,"THE BOYZ - Fairy Tale",false,France,N/A,1700632632,"library / songs",2024-09-06T16:39:53.656Z,NATURAL_END_OF_TRACK,2024-09-07T15:21:48.444Z,2024-09-07T15:21:48.522Z,2024-09-07T15:19:13.422Z,210533,155022,210533,AUDIO,0,1,0,210533
2024-09-06T16:37:28.733Z,N/A,N/A,"Jimin - Rebirth (Intro)",false,France,N/A,1751773079,"library / songs",2024-09-06T16:37:28.733Z,NATURAL_END_OF_TRACK,2024-09-06T16:39:53.421Z,2024-09-06T16:39:53.538Z,2024-09-06T16:37:28.733Z,144688,144688,144688,AUDIO,0,1,0,144688
2024-09-06T16:34:56.416Z,N/A,N/A,"TWS - plot twist",false,France,N/A,1723932648,"library / songs",2024-09-06T16:34:56.416Z,NATURAL_END_OF_TRACK,2024-09-06T16:37:28.930Z,2024-09-06T16:37:28.985Z,2024-09-06T16:34:56.416Z,152514,152514,152514,AUDIO,0,1,0,152514
2024-09-06T16:31:46.627Z,N/A,N/A,"Weeekly - Holiday Party",false,France,N/A,1578842459,"library / songs",2024-09-06T16:31:46.627Z,NATURAL_END_OF_TRACK,2024-09-06T16:34:56.227Z,2024-09-06T16:34:56.283Z,2024-09-06T16:31:46.627Z,189600,189600,189600,AUDIO,0,1,0,189600
2024-09-06T16:28:30.237Z,N/A,N/A,"Weeekly - Butterfly",false,France,N/A,1558430435,"library / songs",2024-09-06T16:28:30.237Z,NATURAL_END_OF_TRACK,2024-09-06T16:31:47.015Z,2024-09-06T16:31:47.077Z,2024-09-06T16:28:30.237Z,196778,196778,196778,AUDIO,0,1,0,196778
2024-09-06T16:25:14.171Z,N/A,N/A,"TREASURE - MY TREASURE",false,France,N/A,1547403581,"library / songs",2024-09-06T16:25:14.171Z,NATURAL_END_OF_TRACK,2024-09-06T16:28:30.153Z,2024-09-06T16:28:30.257Z,2024-09-06T16:25:14.171Z,195982,195982,195982,AUDIO,0,1,0,195982
2024-09-06T16:21:35.522Z,N/A,N/A,"STAYC - LOVE FOOL",false,France,N/A,1561143401,"library / songs",2024-09-06T16:21:35.522Z,NATURAL_END_OF_TRACK,2024-09-06T16:25:13.805Z,2024-09-06T16:25:13.898Z,2024-09-06T16:21:35.522Z,218283,218283,218283,AUDIO,0,1,0,218283
2024-09-06T16:17:56.654Z,N/A,N/A,"ASTRO - Let's go ride",false,France,N/A,1623303134,"library / songs",2024-09-06T16:17:56.654Z,NATURAL_END_OF_TRACK,2024-09-06T16:21:35.147Z,2024-09-06T16:21:35.255Z,2024-09-06T16:17:56.654Z,218493,218493,218493,AUDIO,0,1,0,218493
2024-09-06T16:14:17.846Z,N/A,N/A,"THE BOYZ - All About You",false,France,N/A,1657167617,"library / songs",2024-09-06T16:14:17.846Z,NATURAL_END_OF_TRACK,2024-09-06T16:17:56.243Z,2024-09-06T16:17:56.351Z,2024-09-06T16:14:17.846Z,218397,218397,218397,AUDIO,0,1,0,218397
2024-09-06T16:11:04.320Z,N/A,N/A,"iKON - Kiss Me",false,France,N/A,1685831467,"library / songs",2024-09-06T16:11:04.320Z,NATURAL_END_OF_TRACK,2024-09-06T16:14:17.573Z,2024-09-06T16:14:17.690Z,2024-09-06T16:11:04.320Z,193253,193253,193253,AUDIO,0,1,0,193253
2024-09-06T16:08:26.223Z,N/A,N/A,"JVKE - this is what heartbreak feels like",false,France,N/A,1613552734,"library / songs",2024-09-06T16:08:26.223Z,NATURAL_END_OF_TRACK,2024-09-06T16:11:03.923Z,2024-09-06T16:11:04.031Z,2024-09-06T16:08:26.223Z,157700,157700,157700,AUDIO,0,1,0,157700
2024-09-06T13:06:56.032Z,N/A,N/A,"TOMORROW X TOGETHER - 20cm",false,France,N/A,1553524708,"library / songs",2024-09-06T13:06:56.032Z,NATURAL_END_OF_TRACK,2024-09-06T16:08:25.767Z,2024-09-06T16:08:26.001Z,2024-09-06T16:08:19.903Z,217027,144195,217027,AUDIO,0,1,0,217027
2024-09-06T16:03:36.441Z,Playlist,ðŸŒ´,"Dj Ken - Pwoblem (feat. Kalash)",false,France,256000273,1123066763,library/playlist_detail,2024-09-06T16:03:36.441Z,PLAYBACK_MANUALLY_PAUSED,2024-09-06T16:07:38.705Z,2024-09-06T16:07:38.705Z,2024-09-06T16:03:36.441Z,242400,242264,246456,AUDIO,136,1,0,242264
2024-08-30T21:54:29.419Z,Playlist,ðŸŒ´,"Shenseea - Foreplay",false,France,256000273,1497827986,library/playlist_detail,2024-08-30T21:54:29.419Z,NATURAL_END_OF_TRACK,2024-09-06T16:03:36.393Z,2024-09-06T16:03:36.393Z,2024-09-06T16:00:50.185Z,166208,166208,166208,AUDIO,0,2,0,332284
2024-09-06T16:00:46.627Z,Playlist,ðŸŒ´,"Kalash - Independant Gyal (feat. Pompis)",false,France,256000273,828564605,library/playlist_detail,2024-09-06T16:00:46.627Z,TRACK_SKIPPED_FORWARDS,2024-09-06T16:00:49.705Z,2024-09-06T16:00:49.705Z,2024-09-06T16:00:46.627Z,3216,3078,188569,AUDIO,138,1,1,3078
2024-09-06T15:57:19.790Z,Playlist,ðŸŒ´,"Damso - Î˜. Macarena",false,France,256000273,1440888904,library/playlist_detail,2024-09-06T15:57:19.790Z,NATURAL_END_OF_TRACK,2024-09-06T16:00:46.677Z,2024-09-06T16:00:46.677Z,2024-09-06T15:57:19.790Z,206887,206887,206887,AUDIO,0,1,0,206887
2024-08-30T21:45:42.308Z,Playlist,ðŸŒ´,"Vybz Kartel - Tell You Say",false,France,256000273,1557512948,library/playlist_detail,2024-08-30T21:45:42.308Z,TRACK_SKIPPED_FORWARDS,2024-09-06T15:57:19.327Z,2024-09-06T15:57:19.327Z,2024-09-06T15:57:16.947Z,165093,165064,165093,AUDIO,0,3,2,169345
2024-09-06T15:57:14.714Z,Playlist,ðŸŒ´,"Busy Signal - Stay So",false,France,256000273,1391241906,library/playlist_detail,2024-09-06T15:57:14.714Z,TRACK_SKIPPED_FORWARDS,2024-09-06T15:57:16.487Z,2024-09-06T15:57:16.487Z,2024-09-06T15:57:14.714Z,1773,1773,221030,AUDIO,0,1,1,1773
2024-09-06T15:57:11.831Z,Playlist,ðŸŒ´,"Esy Kennenga - Comme si",false,France,256000273,768055396,library/playlist_detail,2024-09-06T15:57:11.831Z,TRACK_SKIPPED_FORWARDS,2024-09-06T15:57:14.250Z,2024-09-06T15:57:14.250Z,2024-09-06T15:57:11.831Z,2562,2419,167624,AUDIO,143,1,1,2419
2024-09-06T15:54:47.781Z,Playlist,ðŸŒ´,"Kryssy - Bad cendrillon (feat. DJ Glad) [Edit]",false,France,256000273,1353362280,library/playlist_detail,2024-09-06T15:54:47.781Z,NATURAL_END_OF_TRACK,2024-09-06T15:57:11.837Z,2024-09-06T15:57:11.837Z,2024-09-06T15:54:47.781Z,144056,144056,144056,AUDIO,0,1,0,144056
2024-09-06T15:54:42.321Z,Playlist,ðŸŒ´,"J Capri & Charly Black - Whine & Kotch",false,France,256000273,1381133050,library/playlist_detail,2024-09-06T15:54:42.321Z,TRACK_SKIPPED_FORWARDS,2024-09-06T15:54:47.332Z,2024-09-06T15:54:47.332Z,2024-09-06T15:54:42.321Z,5040,5011,217269,AUDIO,29,1,1,5011
2024-09-06T15:50:43.404Z,Playlist,ðŸŒ´,"Kalash - Taken",false,France,256000273,1440843603,library/playlist_detail,2024-09-06T15:50:43.404Z,NATURAL_END_OF_TRACK,2024-09-06T15:54:42.331Z,2024-09-06T15:54:42.331Z,2024-09-06T15:50:43.404Z,238956,238927,238956,AUDIO,29,1,0,238927
2024-09-06T15:46:51.141Z,Playlist,ðŸŒ´,"Kalash - Free Me",false,France,256000273,1505287630,library/playlist_detail,2024-09-06T15:46:51.141Z,NATURAL_END_OF_TRACK,2024-09-06T15:50:43.429Z,2024-09-06T15:50:43.429Z,2024-09-06T15:46:51.141Z,232315,232288,232315,AUDIO,27,1,0,232288
2024-09-06T15:42:28.615Z,Playlist,ðŸŒ´,"Kalash - Bando",false,France,256000273,1440843586,library/playlist_detail,2024-09-06T15:42:28.615Z,NATURAL_END_OF_TRACK,2024-09-06T15:46:51.134Z,2024-09-06T15:46:51.134Z,2024-09-06T15:42:28.615Z,262664,262519,262664,AUDIO,145,1,0,262519
2024-09-06T15:39:14.361Z,Playlist,ðŸŒ´,"Vybz Kartel - Miami Vice Episode",false,France,256000273,882926355,library/playlist_detail,2024-09-06T15:39:14.361Z,NATURAL_END_OF_TRACK,2024-09-06T15:42:28.642Z,2024-09-06T15:42:28.642Z,2024-09-06T15:39:14.361Z,194281,194281,194281,AUDIO,0,1,0,194281
2024-08-26T06:07:33.193Z,Playlist,ðŸŒ´,"Nesly & Fanny J - CORDIALEMENT",false,France,256000273,1707296166,library/playlist_detail,2024-08-26T06:07:33.193Z,NATURAL_END_OF_TRACK,2024-09-06T15:39:13.992Z,2024-09-06T15:39:13.992Z,2024-09-06T15:35:44.793Z,209199,209199,209199,AUDIO,0,4,1,667890
2024-08-28T14:43:00.121Z,Playlist,ðŸŒ´,"Whyneed & Izzy - Bad Lightning",false,France,256000273,1387072087,library/playlist_detail,2024-08-28T14:43:00.121Z,NATURAL_END_OF_TRACK,2024-09-06T15:35:44.344Z,2024-09-06T15:35:44.344Z,2024-09-06T15:33:30.412Z,133932,133932,133932,AUDIO,0,3,0,401707
2024-08-30T22:14:33.269Z,Playlist,ðŸŒ´,"Charly Black - Tan Tuddy",false,France,256000273,1336802338,library/playlist_detail,2024-08-30T22:14:33.269Z,TRACK_SKIPPED_FORWARDS,2024-09-06T15:33:29.928Z,2024-09-06T15:33:29.928Z,2024-09-06T15:33:27.380Z,139250,139228,139250,AUDIO,22,2,1,141776
2024-09-06T15:29:29.645Z,Playlist,ðŸŒ´,"Kalash - Mwaka Moon (feat. Damso)",false,France,256000273,1440918550,library/playlist_detail,2024-09-06T15:29:29.645Z,NATURAL_END_OF_TRACK,2024-09-06T15:33:27.417Z,2024-09-06T15:33:27.417Z,2024-09-06T15:29:29.645Z,237772,237772,237772,AUDIO,0,1,0,237772
2024-09-06T15:29:15.148Z,Playlist,ðŸŒ´,"RDX - Ride It",false,France,256000273,1413338150,library/playlist_detail,2024-09-06T15:29:15.148Z,"MANUALLY_SELECTED_PLAYBACK_OF_A_DIFF_ITEM",2024-09-06T15:29:28.615Z,2024-09-06T15:29:28.615Z,2024-09-06T15:29:15.148Z,13487,13467,237819,AUDIO,20,1,1,13467
2024-09-06T15:26:25.363Z,Playlist,ðŸŒ´,"JmaX - Fanatique Girl",false,France,256000273,804217310,library/playlist_detail,2024-09-06T15:26:25.363Z,NATURAL_END_OF_TRACK,2024-09-06T15:29:15.233Z,2024-09-06T15:29:15.233Z,2024-09-06T15:26:25.363Z,169900,169870,169900,AUDIO,30,1,0,169870
2024-08-26T18:11:41.815Z,Playlist,ðŸŒ´,"RDX - Shake Your Bam Bam",false,France,256000273,1514455504,library/playlist_detail,2024-08-26T18:11:41.815Z,NATURAL_END_OF_TRACK,2024-09-06T15:26:25.316Z,2024-09-06T15:26:25.316Z,2024-09-06T15:22:47.821Z,217640,217495,217640,AUDIO,0,3,2,322411
2024-09-06T15:20:10.774Z,Playlist,ðŸŒ´,"Mr. Vegas, Lizi & Walshy Fire - So High",false,France,256000273,1273457974,library/playlist_detail,2024-09-06T15:20:10.774Z,NATURAL_END_OF_TRACK,2024-09-06T15:22:47.833Z,2024-09-06T15:22:47.833Z,2024-09-06T15:20:10.774Z,157059,157059,157059,AUDIO,0,1,0,157059
2024-09-06T15:20:07.201Z,Playlist,ðŸŒ´,"Elji - Tagada (feat. Sorrow)",false,France,256000273,1088815876,library/playlist_detail,2024-09-06T15:20:07.201Z,TRACK_SKIPPED_FORWARDS,2024-09-06T15:20:10.299Z,2024-09-06T15:20:10.299Z,2024-09-06T15:20:07.201Z,3128,3098,158406,AUDIO,30,1,1,3098
2024-09-06T15:16:38.996Z,Playlist,ðŸŒ´,"Kalash - Plastik",false,France,256000273,1560940475,library/playlist_detail,2024-09-06T15:16:38.996Z,NATURAL_END_OF_TRACK,2024-09-06T15:20:07.223Z,2024-09-06T15:20:07.223Z,2024-09-06T15:16:38.996Z,208259,208227,208259,AUDIO,32,1,0,208227
2024-09-06T15:11:00.610Z,Playlist,ðŸŒ´,"Konshens - Bruk off Yuh Back",false,France,256000273,1721037651,library/playlist_detail,2024-09-06T15:11:00.610Z,NATURAL_END_OF_TRACK,2024-09-06T15:13:53.977Z,2024-09-06T15:13:53.977Z,2024-09-06T15:11:00.610Z,173513,173367,173513,AUDIO,146,1,0,173367
2024-08-26T05:49:12.508Z,Playlist,ðŸŒ´,"Mel - Touch Me (feat. JmaX) [Remix]",false,France,256000273,1280380737,library/playlist_detail,2024-08-26T05:49:12.508Z,NATURAL_END_OF_TRACK,2024-09-06T15:11:00.611Z,2024-09-06T15:11:00.611Z,2024-09-06T15:06:41.616Z,258995,258995,258995,AUDIO,0,2,1,760688
2024-08-26T19:06:50.298Z,Playlist,ðŸŒ´,"Gifta - Ligne de mire",false,France,256000273,1108767129,library/playlist_detail,2024-08-26T19:06:50.298Z,TRACK_SKIPPED_FORWARDS,2024-09-06T15:06:41.173Z,2024-09-06T15:06:41.173Z,2024-09-06T15:06:38.794Z,102317,102317,147191,AUDIO,0,3,3,108659
2024-08-26T18:51:12.126Z,Playlist,ðŸŒ´,"Macka Diamond - Dye Dye (Raw)",false,France,256000273,614858826,library/playlist_detail,2024-08-26T18:51:12.126Z,TRACK_SKIPPED_FORWARDS,2024-09-06T15:06:38.603Z,2024-09-06T15:06:38.603Z,2024-09-06T15:06:34.789Z,6475,4688,186316,AUDIO,0,3,3,14092
2024-09-06T15:02:35.406Z,Playlist,ðŸŒ´,"Kalash - DanjÃ©",false,France,256000273,1440843596,library/playlist_detail,2024-09-06T15:02:35.406Z,NATURAL_END_OF_TRACK,2024-09-06T15:06:34.549Z,2024-09-06T15:06:34.549Z,2024-09-06T15:02:35.406Z,239281,239143,239281,AUDIO,138,1,0,239143
2024-09-06T14:59:23.489Z,Playlist,ðŸŒ´,"Vybz Kartel - Watch over Us",false,France,256000273,1519469902,library/playlist_detail,2024-09-06T14:59:23.489Z,NATURAL_END_OF_TRACK,2024-09-06T15:02:35.541Z,2024-09-06T15:02:35.541Z,2024-09-06T14:59:23.489Z,192052,192052,192052,AUDIO,0,1,0,192052
2024-08-27T19:19:22.913Z,Playlist,ðŸŒ´,"Sorrow - Je suis caisson",false,France,256000273,1467870870,library/playlist_detail,2024-08-27T19:19:22.913Z,NATURAL_END_OF_TRACK,2024-09-06T14:59:22.549Z,2024-09-06T14:59:22.549Z,2024-09-06T14:56:52.084Z,150465,150465,150465,AUDIO,0,3,0,451395
2024-09-06T14:53:50.220Z,N/A,N/A,"Babe - Maria",false,France,N/A,1386421078,library/playlist_detail,2024-09-06T14:53:50.220Z,"MANUALLY_SELECTED_PLAYBACK_OF_A_DIFF_ITEM",2024-09-06T14:56:50.761Z,2024-09-06T14:56:50.761Z,2024-09-06T14:53:50.220Z,180674,180541,185000,AUDIO,133,1,1,180541
2024-09-06T14:50:05.120Z,Playlist,ðŸŒ´,"Jolem Sanchez - Comme Ã  la maison",false,France,256000273,1386420876,library/playlist_detail,2024-09-06T14:50:05.120Z,NATURAL_END_OF_TRACK,2024-09-06T14:53:50.191Z,2024-09-06T14:53:50.191Z,2024-09-06T14:50:05.120Z,225071,225071,225071,AUDIO,0,1,0,225071
2024-09-06T13:03:01.501Z,N/A,N/A,"TOMORROW X TOGETHER - Ghosting",false,France,N/A,1533455290,"library / songs",2024-09-06T13:03:01.501Z,NATURAL_END_OF_TRACK,2024-09-06T13:06:44.992Z,2024-09-06T13:06:45.069Z,2024-09-06T13:03:01.501Z,223491,223491,223491,AUDIO,0,1,0,223491
2024-09-06T12:54:10.522Z,N/A,N/A,"ZEROBASEONE - GOOD SO BAD",false,France,N/A,1762581259,"library / songs",2024-09-06T12:54:10.522Z,NATURAL_END_OF_TRACK,2024-09-06T13:03:03.102Z,2024-09-06T13:03:03.199Z,2024-09-06T13:01:14.939Z,178053,108163,178053,AUDIO,0,1,0,178053
2024-09-06T12:48:26.994Z,N/A,N/A,"STAYC - ï»¿Be Mine",false,France,N/A,1701915219,"library / songs",2024-09-06T12:48:26.994Z,NATURAL_END_OF_TRACK,2024-09-06T12:54:08.790Z,2024-09-06T12:54:08.951Z,2024-09-06T12:53:40.531Z,165789,133966,165789,AUDIO,0,1,0,165789
2024-09-06T12:28:30.036Z,N/A,N/A,"EXO - Cream Soda",false,France,N/A,1695833433,"library / songs",2024-09-06T12:28:30.036Z,NATURAL_END_OF_TRACK,2024-09-06T12:48:24.038Z,2024-09-06T12:48:24.115Z,2024-09-06T12:48:20.748Z,185320,182030,185320,AUDIO,0,1,0,185320
2024-09-06T12:25:03.491Z,N/A,N/A,"Red Velvet - Carpool",false,France,N/A,1476513513,"library / songs",2024-09-06T12:25:03.491Z,NATURAL_END_OF_TRACK,2024-09-06T12:28:30.248Z,2024-09-06T12:28:30.340Z,2024-09-06T12:25:03.491Z,206757,206757,206757,AUDIO,0,1,0,206757
2024-09-06T12:22:01.241Z,N/A,N/A,"iKON - Holding On",false,France,N/A,1497659128,"library / songs",2024-09-06T12:22:01.241Z,NATURAL_END_OF_TRACK,2024-09-06T12:25:03.538Z,2024-09-06T12:25:03.600Z,2024-09-06T12:22:01.241Z,182297,182297,182297,AUDIO,0,1,0,182297
2024-09-06T12:15:26.186Z,N/A,N/A,"STAYC - LOVE",false,France,N/A,1634360918,"library / songs",2024-09-06T12:15:26.186Z,NATURAL_END_OF_TRACK,2024-09-06T12:22:01.227Z,2024-09-06T12:22:01.353Z,2024-09-06T12:20:57.245Z,186208,122226,186208,AUDIO,0,1,0,186208
2024-09-06T12:12:18.958Z,N/A,N/A,"NAYEON - HalliGalli (Prod. by LEE CHANHYUK of AKMU)",false,France,N/A,1745594624,"library / songs",2024-09-06T12:12:18.958Z,NATURAL_END_OF_TRACK,2024-09-06T12:15:26.542Z,2024-09-06T12:15:26.628Z,2024-09-06T12:12:18.958Z,187584,187584,187584,AUDIO,0,1,0,187584
2024-09-06T12:08:15.723Z,N/A,N/A,"BTS - The Truth Untold (feat. Steve Aoki)",false,France,N/A,1598730633,"library / songs",2024-09-06T12:08:15.723Z,NATURAL_END_OF_TRACK,2024-09-06T12:12:18.015Z,2024-09-06T12:12:18.167Z,2024-09-06T12:08:15.723Z,242292,242292,242292,AUDIO,0,1,0,242292
2024-09-06T12:05:42.140Z,N/A,N/A,"RIIZE - Boom Boom Bass",false,France,N/A,1749589154,"library / songs",2024-09-06T12:05:42.140Z,NATURAL_END_OF_TRACK,2024-09-06T12:08:15.093Z,2024-09-06T12:08:15.347Z,2024-09-06T12:05:42.140Z,152953,152953,152953,AUDIO,0,1,0,152953
2024-09-06T12:02:39.505Z,N/A,N/A,"j-hope & Nile Rodgers - lock / unlock (feat. benny blanco)",false,France,N/A,1730608083,"library / songs",2024-09-06T12:02:39.505Z,NATURAL_END_OF_TRACK,2024-09-06T12:05:41.523Z,2024-09-06T12:05:41.776Z,2024-09-06T12:02:39.505Z,182018,182018,182018,AUDIO,0,1,0,182018
2024-09-06T11:59:57.959Z,N/A,N/A,"STAYC - Roses (ISA)",false,France,N/A,1752835391,"library / songs",2024-09-06T11:59:57.959Z,NATURAL_END_OF_TRACK,2024-09-06T12:02:39.290Z,2024-09-06T12:02:39.374Z,2024-09-06T11:59:57.959Z,161331,161331,161331,AUDIO,0,1,0,161331
2024-09-06T11:52:44.566Z,N/A,N/A,"TAEYEON - Weekend",false,France,N/A,1574308371,"library / songs",2024-09-06T11:52:44.566Z,NATURAL_END_OF_TRACK,2024-09-06T11:56:37.979Z,2024-09-06T11:56:38.234Z,2024-09-06T11:52:44.566Z,233413,233413,233413,AUDIO,0,1,0,233413
2024-09-06T11:49:16.109Z,N/A,N/A,"SuperM - I Can't Stand The Rain",false,France,N/A,1477917598,"library / songs",2024-09-06T11:49:16.109Z,NATURAL_END_OF_TRACK,2024-09-06T11:52:44.322Z,2024-09-06T11:52:44.402Z,2024-09-06T11:49:16.109Z,208213,208213,208213,AUDIO,0,1,0,208213
2024-09-06T11:46:15.460Z,N/A,N/A,"NCT DREAM - Take My Breath",false,France,N/A,1658222139,"library / songs",2024-09-06T11:46:15.460Z,NATURAL_END_OF_TRACK,2024-09-06T11:49:16.446Z,2024-09-06T11:49:16.547Z,2024-09-06T11:46:15.460Z,180986,180986,180986,AUDIO,0,1,0,180986
2024-09-06T11:43:01.902Z,N/A,N/A,"TOMORROW X TOGETHER - Poppin' Star",false,France,N/A,1553524688,"library / songs",2024-09-06T11:43:01.902Z,NATURAL_END_OF_TRACK,2024-09-06T11:46:15.333Z,2024-09-06T11:46:15.425Z,2024-09-06T11:43:01.902Z,193431,193431,193431,AUDIO,0,1,0,193431
2024-09-06T11:40:14.276Z,N/A,N/A,"RIIZE - Lucky",false,France,N/A,1758650710,"library / songs",2024-09-06T11:40:14.276Z,NATURAL_END_OF_TRACK,2024-09-06T11:43:01.559Z,2024-09-06T11:43:01.814Z,2024-09-06T11:40:14.276Z,167283,167283,167283,AUDIO,0,1,0,167283
2024-09-06T11:36:03.794Z,N/A,N/A,"BTS - 00:00 (Zero O'Clock)",false,France,N/A,1599362879,"library / songs",2024-09-06T11:36:03.794Z,NATURAL_END_OF_TRACK,2024-09-06T11:40:14.145Z,2024-09-06T11:40:14.196Z,2024-09-06T11:36:03.794Z,250351,250351,250351,AUDIO,0,1,0,250351
2024-09-06T11:32:30.963Z,N/A,N/A,"TOMORROW X TOGETHER - Thursday's Child Has Far To Go",false,France,N/A,1618838989,"library / songs",2024-09-06T11:32:30.963Z,NATURAL_END_OF_TRACK,2024-09-06T11:36:02.362Z,2024-09-06T11:36:02.463Z,2024-09-06T11:32:30.963Z,211399,211399,211399,AUDIO,0,1,0,211399
2024-09-06T11:28:45.761Z,N/A,N/A,"EXO - Tempo (Live)",false,France,N/A,1508288495,"library / songs",2024-09-06T11:28:45.761Z,NATURAL_END_OF_TRACK,2024-09-06T11:32:30.881Z,2024-09-06T11:32:30.938Z,2024-09-06T11:28:45.761Z,225120,225120,225120,AUDIO,0,1,0,225120
2024-09-06T11:25:38.928Z,N/A,N/A,"iKON - Want You Back",false,France,N/A,1685831474,"library / songs",2024-09-06T11:25:38.928Z,NATURAL_END_OF_TRACK,2024-09-06T11:28:45.941Z,2024-09-06T11:28:45.997Z,2024-09-06T11:25:38.928Z,187013,187013,187013,AUDIO,0,1,0,187013
2024-09-06T11:22:18.262Z,N/A,N/A,"STAYC - Beauty Bomb",false,France,N/A,1752835392,"library / songs",2024-09-06T11:22:18.262Z,NATURAL_END_OF_TRACK,2024-09-06T11:25:38.550Z,2024-09-06T11:25:38.641Z,2024-09-06T11:22:18.262Z,200288,200288,200288,AUDIO,0,1,0,200288
2024-09-06T11:18:37.786Z,N/A,N/A,"Red Velvet - Umpah Umpah",false,France,N/A,1476513508,"library / songs",2024-09-06T11:18:37.786Z,NATURAL_END_OF_TRACK,2024-09-06T11:22:17.917Z,2024-09-06T11:22:18.037Z,2024-09-06T11:18:37.786Z,220131,220131,220131,AUDIO,0,1,0,220131
2024-09-06T11:15:12.693Z,N/A,N/A,"TREASURE - B.L.T (BLING LIKE THIS)",false,France,N/A,1547403587,"library / songs",2024-09-06T11:15:12.693Z,NATURAL_END_OF_TRACK,2024-09-06T11:18:37.773Z,2024-09-06T11:18:37.823Z,2024-09-06T11:15:12.693Z,205080,205080,205080,AUDIO,0,1,0,205080
2024-09-06T11:11:17.729Z,N/A,N/A,"j-hope - Safety Zone",false,France,N/A,1633261047,"library / songs",2024-09-06T11:11:17.729Z,NATURAL_END_OF_TRACK,2024-09-06T11:15:12.723Z,2024-09-06T11:15:12.774Z,2024-09-06T11:14:07.724Z,165340,100341,165340,AUDIO,0,1,0,165340
2024-09-06T11:07:13.402Z,N/A,N/A,"SEVENTEEN - Together",false,France,N/A,1551736000,"library / songs",2024-09-06T11:07:13.402Z,NATURAL_END_OF_TRACK,2024-09-06T11:11:17.802Z,2024-09-06T11:11:17.859Z,2024-09-06T11:07:13.402Z,244400,244400,244400,AUDIO,0,1,0,244400
2024-09-06T11:03:57.047Z,N/A,N/A,"RM - Closer (with Paul Blanco & Mahalia)",false,France,N/A,1654548650,"library / songs",2024-09-06T11:03:57.047Z,NATURAL_END_OF_TRACK,2024-09-06T11:07:13.554Z,2024-09-06T11:07:13.614Z,2024-09-06T11:03:57.047Z,196507,196507,196507,AUDIO,0,1,0,196507
2024-09-06T11:00:39.893Z,N/A,N/A,"BTS - Dimple",false,France,N/A,1627577706,"library / songs",2024-09-06T11:00:39.893Z,NATURAL_END_OF_TRACK,2024-09-06T11:03:56.716Z,2024-09-06T11:03:56.805Z,2024-09-06T11:00:39.893Z,196823,196823,196823,AUDIO,0,1,0,196823
2024-09-06T10:57:49.708Z,N/A,N/A,"B.I - Elevator (feat. CHANMINA)",false,France,N/A,1729105251,"library / songs",2024-09-06T10:57:49.708Z,NATURAL_END_OF_TRACK,2024-09-06T11:00:39.508Z,2024-09-06T11:00:39.666Z,2024-09-06T10:57:49.708Z,169800,169800,169800,AUDIO,0,1,0,169800
2024-09-06T10:55:02.449Z,N/A,N/A,"Jung Kook - Never Let Go",false,France,N/A,1748194068,"library / songs",2024-09-06T10:55:02.449Z,NATURAL_END_OF_TRACK,2024-09-06T10:57:49.309Z,2024-09-06T10:57:49.431Z,2024-09-06T10:55:02.449Z,166860,166860,166860,AUDIO,0,1,0,166860
2024-09-06T10:51:33.120Z,N/A,N/A,"TWS - first hooky",false,France,N/A,1723932654,"library / songs",2024-09-06T10:51:33.120Z,NATURAL_END_OF_TRACK,2024-09-06T10:55:02.526Z,2024-09-06T10:55:02.597Z,2024-09-06T10:51:33.120Z,209406,209406,209406,AUDIO,0,1,0,209406
2024-09-05T10:32:13.625Z,N/A,N/A,"EXO - Hear Me Out",false,France,N/A,1695833436,"library / songs",2024-09-05T10:32:13.625Z,NATURAL_END_OF_TRACK,2024-09-06T10:51:32.850Z,2024-09-06T10:51:32.980Z,2024-09-06T10:51:30.855Z,204093,82069,204093,AUDIO,0,1,0,204094
2024-09-05T10:28:58.443Z,N/A,N/A,"NAYEON - Count It",false,France,N/A,1745594627,"library / songs",2024-09-05T10:28:58.443Z,NATURAL_END_OF_TRACK,2024-09-05T10:32:13.205Z,2024-09-05T10:32:13.343Z,2024-09-05T10:28:58.443Z,194762,194762,194762,AUDIO,0,1,0,194762
2024-09-05T10:25:04.741Z,N/A,N/A,"ASTRO - Footprint",false,France,N/A,1578841982,"library / songs",2024-09-05T10:25:04.741Z,NATURAL_END_OF_TRACK,2024-09-05T10:28:58.062Z,2024-09-05T10:28:58.211Z,2024-09-05T10:27:34.194Z,192080,108212,192080,AUDIO,0,1,0,192080
2024-09-05T10:21:44.168Z,N/A,N/A,"VIVIZ - MANIAC",false,France,N/A,1714197624,"library / songs",2024-09-05T10:21:44.168Z,NATURAL_END_OF_TRACK,2024-09-05T10:25:05.110Z,2024-09-05T10:25:05.170Z,2024-09-05T10:22:39.048Z,195520,146062,195520,AUDIO,0,1,0,195520
2024-09-05T10:17:42.467Z,N/A,N/A,"Gaho - Only You",false,France,N/A,1676901042,"library / songs",2024-09-05T10:17:42.467Z,NATURAL_END_OF_TRACK,2024-09-05T10:21:44.490Z,2024-09-05T10:21:44.548Z,2024-09-05T10:20:11.462Z,224514,131486,224514,AUDIO,0,1,0,224514
2024-09-05T10:14:12.824Z,N/A,N/A,"iKON - LOVE SCENARIO",false,France,N/A,1339623399,"library / songs",2024-09-05T10:14:12.824Z,NATURAL_END_OF_TRACK,2024-09-05T10:17:42.472Z,2024-09-05T10:17:42.521Z,2024-09-05T10:14:12.824Z,209648,209648,209648,AUDIO,0,1,0,209648
2024-09-05T10:10:24.203Z,N/A,N/A,"BTS - Euphoria",false,France,N/A,1598730615,"library / songs",2024-09-05T10:10:24.203Z,NATURAL_END_OF_TRACK,2024-09-05T10:14:12.818Z,2024-09-05T10:14:12.877Z,2024-09-05T10:10:24.203Z,228615,228615,228615,AUDIO,0,1,0,228615
2024-09-05T10:07:16.202Z,N/A,N/A,"EVERGLOW - Colourz",false,France,N/A,1747695779,"library / songs",2024-09-05T10:07:16.202Z,NATURAL_END_OF_TRACK,2024-09-05T10:10:24.482Z,2024-09-05T10:10:24.576Z,2024-09-05T10:07:16.202Z,188280,188280,188280,AUDIO,0,1,0,188280
2024-09-05T05:56:14.993Z,N/A,N/A,"TWICE - Just be yourself",false,France,N/A,1633009361,"library / songs",2024-09-05T05:56:14.993Z,NATURAL_END_OF_TRACK,2024-09-05T10:07:16.119Z,2024-09-05T10:07:16.216Z,2024-09-05T10:07:11.146Z,202461,197488,202461,AUDIO,0,1,0,202461
2024-09-05T05:52:09.179Z,N/A,N/A,"BTS - Born Singer",false,France,N/A,1627573946,"library / songs",2024-09-05T05:52:09.179Z,NATURAL_END_OF_TRACK,2024-09-05T05:56:15.119Z,2024-09-05T05:56:15.243Z,2024-09-05T05:55:07.084Z,238689,170654,238689,AUDIO,0,1,0,238689
2024-09-05T05:48:54.725Z,N/A,N/A,"RIIZE - Honestly",false,France,N/A,1742276110,"library / songs",2024-09-05T05:48:54.725Z,NATURAL_END_OF_TRACK,2024-09-05T05:52:08.859Z,2024-09-05T05:52:08.929Z,2024-09-05T05:48:54.725Z,194134,194134,194134,AUDIO,0,1,0,194134
2024-09-05T05:45:53.918Z,N/A,N/A,"Lauv - Who (feat. BTS)",false,France,N/A,1480846930,"library / songs",2024-09-05T05:45:53.918Z,NATURAL_END_OF_TRACK,2024-09-05T05:48:54.331Z,2024-09-05T05:48:54.462Z,2024-09-05T05:45:53.918Z,180413,180413,180413,AUDIO,0,1,0,180413
2024-09-05T05:43:27.004Z,N/A,N/A,"Gaho - OOO",false,France,N/A,1594803087,"library / songs",2024-09-05T05:43:27.004Z,NATURAL_END_OF_TRACK,2024-09-05T05:45:53.510Z,2024-09-05T05:45:53.563Z,2024-09-05T05:43:27.004Z,146506,146506,146506,AUDIO,0,1,0,146506
2024-09-05T05:40:29.127Z,N/A,N/A,"ITZY - Not Shy",false,France,N/A,1608247446,"library / songs",2024-09-05T05:40:29.127Z,NATURAL_END_OF_TRACK,2024-09-05T05:43:26.855Z,2024-09-05T05:43:26.999Z,2024-09-05T05:40:29.127Z,177728,177728,177728,AUDIO,0,1,0,177728
2024-09-05T05:37:18.449Z,N/A,N/A,"Red Velvet - Zimzalabim",false,France,N/A,1468948704,"library / songs",2024-09-05T05:37:18.449Z,NATURAL_END_OF_TRACK,2024-09-05T05:40:29.308Z,2024-09-05T05:40:29.352Z,2024-09-05T05:37:18.449Z,190859,190859,190859,AUDIO,0,1,0,190859
2024-09-04T20:57:30.665Z,N/A,N/A,"EVERGLOW - BACK 2 LUV",false,France,N/A,1747695786,"library / songs",2024-09-04T20:57:30.665Z,NATURAL_END_OF_TRACK,2024-09-05T05:33:04.213Z,2024-09-05T05:33:44.303Z,2024-09-05T05:33:02.446Z,198480,196714,198480,AUDIO,0,1,0,198481
2024-09-05T05:33:01.906Z,N/A,N/A,"TREASURE - ORANGE",false,France,N/A,1547403589,"library / songs",2024-09-05T05:33:01.906Z,NATURAL_END_OF_TRACK,2024-09-05T05:37:18.359Z,2024-09-05T05:37:18.522Z,2024-09-05T05:33:01.906Z,256453,256453,256453,AUDIO,0,1,0,256453
2024-09-04T20:53:55.753Z,N/A,N/A,"NCT 127 - Road Trip",false,France,N/A,1582747165,"library / songs",2024-09-04T20:53:55.753Z,NATURAL_END_OF_TRACK,2024-09-04T20:57:30.806Z,2024-09-04T20:57:30.880Z,2024-09-04T20:53:55.753Z,215053,215053,215053,AUDIO,0,1,0,215053
2024-09-04T20:50:54.981Z,N/A,N/A,"THE BOYZ - Levitating",false,France,N/A,1639285560,"library / songs",2024-09-04T20:50:54.981Z,NATURAL_END_OF_TRACK,2024-09-04T20:53:55.411Z,2024-09-04T20:53:55.502Z,2024-09-04T20:50:54.981Z,180430,180430,180430,AUDIO,0,1,0,180430
2024-09-04T20:46:43.649Z,N/A,N/A,"Red Velvet - Eyes Locked, Hands Locked",false,France,N/A,1476513537,"library / songs",2024-09-04T20:46:43.649Z,NATURAL_END_OF_TRACK,2024-09-04T20:50:54.618Z,2024-09-04T20:50:54.743Z,2024-09-04T20:46:43.649Z,250969,250969,250969,AUDIO,0,1,0,250969
2024-09-04T20:42:36.062Z,N/A,N/A,"SEVENTEEN - Same Dream, Same Mind, Same Night",false,France,N/A,1571363629,"library / songs",2024-09-04T20:42:36.062Z,NATURAL_END_OF_TRACK,2024-09-04T20:46:43.982Z,2024-09-04T20:46:44.055Z,2024-09-04T20:42:36.062Z,247920,247920,247920,AUDIO,0,1,0,247920
2024-09-04T20:39:07.300Z,N/A,N/A,"Weeekly - Page (A Story That Reached Me)",false,France,N/A,1755132260,"library / songs",2024-09-04T20:39:07.300Z,NATURAL_END_OF_TRACK,2024-09-04T20:42:35.437Z,2024-09-04T20:42:35.566Z,2024-09-04T20:39:07.300Z,208137,208137,208137,AUDIO,0,1,0,208137
2024-09-04T20:35:32.065Z,N/A,N/A,"SEVENTEEN - Domino",false,France,N/A,1625319666,"library / songs",2024-09-04T20:35:32.065Z,NATURAL_END_OF_TRACK,2024-09-04T20:39:07.034Z,2024-09-04T20:39:07.093Z,2024-09-04T20:35:32.065Z,214969,214969,214969,AUDIO,0,1,0,214969
2024-09-04T18:36:44.370Z,N/A,N/A,"BTS - Outro : Ego",false,France,N/A,1627576711,"library / songs",2024-09-04T18:36:44.370Z,NATURAL_END_OF_TRACK,2024-09-04T20:35:32.177Z,2024-09-04T20:35:32.238Z,2024-09-04T20:35:24.790Z,196437,189050,196437,AUDIO,0,1,0,196437
2024-09-04T18:33:27.759Z,N/A,N/A,"THE BOYZ - Unbreakable Sign",false,France,N/A,1754071701,"library / songs",2024-09-04T18:33:27.759Z,NATURAL_END_OF_TRACK,2024-09-04T18:36:44.012Z,2024-09-04T18:36:44.122Z,2024-09-04T18:33:27.759Z,196253,196253,196253,AUDIO,0,1,0,196253
2024-09-04T18:30:01.344Z,N/A,N/A,"SEVENTEEN - Diamond Days",false,France,N/A,1711288976,"library / songs",2024-09-04T18:30:01.344Z,NATURAL_END_OF_TRACK,2024-09-04T18:33:27.275Z,2024-09-04T18:33:27.363Z,2024-09-04T18:30:01.344Z,205931,205931,205931,AUDIO,0,1,0,205931
2024-09-04T18:26:16.179Z,N/A,N/A,"TREASURE - GOING CRAZY",false,France,N/A,1547403590,"library / songs",2024-09-04T18:26:16.179Z,NATURAL_END_OF_TRACK,2024-09-04T18:30:01.147Z,2024-09-04T18:30:01.247Z,2024-09-04T18:26:16.179Z,224968,224968,224968,AUDIO,0,1,0,224968
2024-09-04T18:23:57.826Z,N/A,N/A,"Jung Kook & Major Lazer - Closer to You",false,France,N/A,1709554778,"library / songs",2024-09-04T18:23:57.826Z,NATURAL_END_OF_TRACK,2024-09-04T18:26:48.873Z,2024-09-04T18:29:01.590Z,2024-09-04T18:23:57.826Z,171047,171047,171047,AUDIO,0,1,0,171047
2024-09-04T18:19:03.756Z,N/A,N/A,"EXO - 24/7 (Live)",false,France,N/A,1508288865,"library / songs",2024-09-04T18:19:03.756Z,NATURAL_END_OF_TRACK,2024-09-04T18:23:23.969Z,2024-09-04T18:23:24.109Z,2024-09-04T18:19:03.756Z,260213,260213,260213,AUDIO,0,1,0,260213
2024-09-04T18:16:11.760Z,N/A,N/A,"YUGYEOM - LA SOL MI",false,France,N/A,1727512955,"library / songs",2024-09-04T18:16:11.760Z,NATURAL_END_OF_TRACK,2024-09-04T18:19:04.066Z,2024-09-04T18:19:04.161Z,2024-09-04T18:16:11.760Z,172306,172306,172306,AUDIO,0,1,0,172306
2024-09-04T16:53:15.044Z,N/A,N/A,"BTS - Trivia è½‰ : Seesaw",false,France,N/A,1627576695,"library / songs",2024-09-04T16:53:15.044Z,NATURAL_END_OF_TRACK,2024-09-04T18:16:11.022Z,2024-09-04T18:16:11.152Z,2024-09-04T18:16:08.477Z,246390,182453,246390,AUDIO,0,1,0,246390
2024-09-04T16:49:50.220Z,N/A,N/A,"TOMORROW X TOGETHER - Ice Cream",false,France,N/A,1569754009,"library / songs",2024-09-04T16:49:50.220Z,NATURAL_END_OF_TRACK,2024-09-04T16:53:14.204Z,2024-09-04T16:53:14.505Z,2024-09-04T16:50:47.730Z,202761,146474,202761,AUDIO,0,1,0,202761
2024-09-04T16:46:37.400Z,N/A,N/A,"SEVENTEEN - HEY BUDDY",false,France,N/A,1535649377,"library / songs",2024-09-04T16:46:37.400Z,NATURAL_END_OF_TRACK,2024-09-04T16:49:50.717Z,2024-09-04T16:49:50.786Z,2024-09-04T16:49:23.129Z,198240,170652,198240,AUDIO,0,1,0,198240
2024-09-04T16:43:48.753Z,N/A,N/A,"ZEROBASEONE - Insomnia",false,France,N/A,1762581276,"library / songs",2024-09-04T16:43:48.753Z,NATURAL_END_OF_TRACK,2024-09-04T16:46:32.370Z,2024-09-04T16:46:32.487Z,2024-09-04T16:43:48.753Z,163617,163617,163617,AUDIO,0,1,0,163617
2024-09-04T16:40:19.466Z,N/A,N/A,"NAYEON - Magic (feat. JULIE)",false,France,N/A,1745594623,"library / songs",2024-09-04T16:40:19.466Z,NATURAL_END_OF_TRACK,2024-09-04T16:43:47.518Z,2024-09-04T16:43:47.594Z,2024-09-04T16:41:06.926Z,206848,160592,206848,AUDIO,0,1,0,206848
2024-09-04T16:36:52.687Z,N/A,N/A,"CRAVITY - Worst Thriller",false,France,N/A,1730850561,"library / songs",2024-09-04T16:36:52.687Z,NATURAL_END_OF_TRACK,2024-09-04T16:40:19.881Z,2024-09-04T16:40:19.951Z,2024-09-04T16:36:52.687Z,207194,207194,207194,AUDIO,0,1,0,207194
2024-09-04T16:33:34.498Z,N/A,N/A,"SUPER JUNIOR-D&E - You&Me",false,France,N/A,1752799871,"library / songs",2024-09-04T16:33:34.498Z,NATURAL_END_OF_TRACK,2024-09-04T16:36:52.387Z,2024-09-04T16:36:52.533Z,2024-09-04T16:33:34.498Z,197889,197889,197889,AUDIO,0,1,0,197889
2024-09-04T16:28:41.647Z,N/A,N/A,"BTS - Lights",false,France,N/A,1469320480,"library / songs",2024-09-04T16:28:41.647Z,NATURAL_END_OF_TRACK,2024-09-04T16:33:34.420Z,2024-09-04T16:33:34.502Z,2024-09-04T16:28:41.647Z,292773,292773,292773,AUDIO,0,1,0,292773
2024-09-04T16:26:12.857Z,N/A,N/A,"V - FRI(END)S",false,France,N/A,1734862500,"library / songs",2024-09-04T16:26:12.857Z,NATURAL_END_OF_TRACK,2024-09-04T16:28:41.362Z,2024-09-04T16:28:41.445Z,2024-09-04T16:27:08.959Z,148146,92403,148146,AUDIO,0,1,0,148080
2024-09-04T11:49:47.030Z,N/A,N/A,"BTS - Answer : Love Myself",false,France,N/A,1598730982,"library / songs",2024-09-04T11:49:47.030Z,NATURAL_END_OF_TRACK,2024-09-04T16:26:12.264Z,2024-09-04T16:26:12.538Z,2024-09-04T16:26:09.501Z,251279,248516,251279,AUDIO,0,1,0,251279
2024-09-04T11:46:15.050Z,N/A,N/A,"Jimin - Like Crazy",false,France,N/A,1676947244,"library / songs",2024-09-04T11:46:15.050Z,NATURAL_END_OF_TRACK,2024-09-04T11:49:47.291Z,2024-09-04T11:49:47.436Z,2024-09-04T11:46:15.050Z,212241,212241,212241,AUDIO,0,1,0,212241
2024-09-04T11:43:06.861Z,N/A,N/A,"NAYEON - Something",false,France,N/A,1745594626,"library / songs",2024-09-04T11:43:06.861Z,NATURAL_END_OF_TRACK,2024-09-04T11:46:14.647Z,2024-09-04T11:46:14.731Z,2024-09-04T11:43:06.861Z,187786,187786,187786,AUDIO,0,1,0,187786
2024-09-04T11:39:53.768Z,N/A,N/A,"BTS - Yet To Come",false,France,N/A,1627575774,"library / songs",2024-09-04T11:39:53.768Z,NATURAL_END_OF_TRACK,2024-09-04T11:43:07.425Z,2024-09-04T11:43:07.486Z,2024-09-04T11:39:53.768Z,193657,193657,193657,AUDIO,0,1,0,193657
2024-09-04T11:37:10.202Z,N/A,N/A,"Gaho - High",false,France,N/A,1594803095,"library / songs",2024-09-04T11:37:10.202Z,NATURAL_END_OF_TRACK,2024-09-04T11:39:53.255Z,2024-09-04T11:39:53.357Z,2024-09-04T11:37:10.202Z,163053,163053,163053,AUDIO,0,1,0,163053
2024-09-04T11:34:21.419Z,N/A,N/A,"NAYEON - POP!",false,France,N/A,1624932774,"library / songs",2024-09-04T11:34:21.419Z,NATURAL_END_OF_TRACK,2024-09-04T11:37:09.649Z,2024-09-04T11:37:09.747Z,2024-09-04T11:34:21.419Z,168230,168230,168230,AUDIO,0,1,0,168230
2024-09-04T11:30:06.805Z,N/A,N/A,"BTS - Blue & Grey",false,France,N/A,1596532204,"library / songs",2024-09-04T11:30:06.805Z,NATURAL_END_OF_TRACK,2024-09-04T11:34:21.824Z,2024-09-04T11:34:21.934Z,2024-09-04T11:30:06.805Z,255019,255019,255019,AUDIO,0,1,0,255019
2024-09-04T11:26:33.192Z,N/A,N/A,"Juju B. Goode - Sunset Bossa Nova",false,France,N/A,1599925097,"library / songs",2024-09-04T11:26:33.192Z,NATURAL_END_OF_TRACK,2024-09-04T11:30:06.650Z,2024-09-04T11:30:06.778Z,2024-09-04T11:26:33.192Z,213458,213458,213458,AUDIO,0,1,0,213458
2024-09-03T21:54:19.552Z,N/A,N/A,"STAYC - Fakinâ€™ (Sumin & Yoon)",false,France,N/A,1752835390,"library / songs",2024-09-03T21:54:19.552Z,NATURAL_END_OF_TRACK,2024-09-04T11:26:32.475Z,2024-09-04T11:26:32.567Z,2024-09-04T11:26:30.083Z,166224,163833,166224,AUDIO,0,1,0,166225
2024-09-03T17:26:18.287Z,N/A,N/A,"NCT U - Universe (Let's Play Ball)",false,France,N/A,1597697602,"library / songs",2024-09-03T17:26:18.287Z,NATURAL_END_OF_TRACK,2024-09-03T21:54:19.066Z,2024-09-03T21:54:19.327Z,2024-09-03T21:54:16.191Z,231466,228591,231466,AUDIO,0,1,0,231466
2024-09-03T17:22:57.981Z,N/A,N/A,"EXO - Love Shot",false,France,N/A,1446231541,"library / songs",2024-09-03T17:22:57.981Z,NATURAL_END_OF_TRACK,2024-09-03T17:26:18.287Z,2024-09-03T17:26:18.364Z,2024-09-03T17:22:57.981Z,200306,200306,200306,AUDIO,0,1,0,200306
2024-09-03T17:19:08.349Z,N/A,N/A,"Jimin - Face-off",false,France,N/A,1676947237,"library / songs",2024-09-03T17:19:08.349Z,NATURAL_END_OF_TRACK,2024-09-03T17:22:57.976Z,2024-09-03T17:22:58.032Z,2024-09-03T17:19:08.349Z,229627,229627,229627,AUDIO,0,1,0,229627
2024-09-03T17:15:41.163Z,N/A,N/A,"EVERGLOW - Don't Speak",false,France,N/A,1597707851,"library / songs",2024-09-03T17:15:41.163Z,NATURAL_END_OF_TRACK,2024-09-03T17:19:08.483Z,2024-09-03T17:19:08.541Z,2024-09-03T17:15:41.163Z,207320,207320,207320,AUDIO,0,1,0,207320
